id,first_name,last_name,email,gender,ip_address
1,Thatcher,Normaville,tnormaville0@about.com,Male,6.101.22.97
2,Marysa,McReidy,mmcreidy1@umich.edu,Female,242.187.209.165
3,Joyce,Cicci,jcicci2@sakura.ne.jp,Female,227.223.41.156
4,Christine,Gookey,cgookey3@mediafire.com,Female,14.238.6.236
5,Lea,Blankett,lblankett4@chron.com,Female,184.236.101.141
6,Vivian,Brafield,vbrafield5@free.fr,Female,216.23.110.56
7,Mary,Britten,mbritten6@xrea.com,Female,142.86.243.119
8,Eolanda,Corneil,ecorneil7@bloglovin.com,Female,53.144.51.155
9,Elwood,Swateridge,eswateridge8@cargocollective.com,Male,32.97.97.35
10,Jaquith,Harvie,jharvie9@csmonitor.com,Female,203.214.32.118
11,Nana,Richford,nrichforda@mashable.com,Female,127.18.45.231
12,Gloriane,Axby,gaxbyb@biblegateway.com,Female,254.152.79.2
13,Marylin,Coneybeare,mconeybearec@shareasale.com,Female,43.83.217.143
14,Shae,Swyndley,sswyndleyd@sakura.ne.jp,Male,63.96.93.221
15,Carroll,Siddon,csiddone@sphinn.com,Female,153.98.247.85
16,Antonia,Pickance,apickancef@jimdo.com,Female,116.185.110.167
17,Pauletta,Greiswood,pgreiswoodg@about.me,Female,186.143.54.188
18,Susi,Cousen,scousenh@japanpost.jp,Female,8.173.9.96
19,Cortney,Pottinger,cpottingeri@digg.com,Female,164.57.125.249
20,Angela,Hiddersley,ahiddersleyj@mac.com,Female,30.163.175.58
21,Sky,Gallen,sgallenk@mail.ru,Male,61.145.239.133
22,Elene,Mertgen,emertgenl@themeforest.net,Female,132.187.227.252
23,Tallou,Anlay,tanlaym@smh.com.au,Female,166.189.92.172
24,Skip,Ellerbeck,sellerbeckn@1688.com,Male,97.92.106.22
25,Barris,Readshall,breadshallo@ted.com,Male,184.194.221.96
26,Morna,Gramer,mgramerp@live.com,Female,172.29.55.39
27,Avie,Lamkin,alamkinq@plala.or.jp,Female,25.159.66.205
28,Ellis,Oakhill,eoakhillr@webs.com,Male,220.210.92.60
29,Tansy,Sloam,tsloams@fc2.com,Female,33.16.242.21
30,Glynda,Dye,gdyet@latimes.com,Female,228.64.108.249
31,Gail,Eisikowitch,geisikowitchu@diigo.com,Female,77.72.230.125
32,Paige,Ouchterlony,pouchterlonyv@nhs.uk,Male,115.31.127.82
33,Cecilia,Vogeler,cvogelerw@twitpic.com,Female,176.250.126.58
34,Marilin,Wallis,mwallisx@opera.com,Female,175.107.205.126
35,Wendell,De Morena,wdemorenay@google.ru,Male,46.236.186.11
36,Ram,Dallaghan,rdallaghanz@ning.com,Male,67.136.126.47
37,Minny,Astlatt,mastlatt10@opera.com,Female,142.194.225.121
38,Dianna,Heater,dheater11@diigo.com,Female,157.212.13.178
39,Ianthe,Sayre,isayre12@un.org,Female,153.44.41.238
40,Rakel,Dargie,rdargie13@irs.gov,Female,194.229.146.46
41,Lucias,Lopes,llopes14@cnet.com,Male,71.93.137.221
42,Retha,Shields,rshields15@imageshack.us,Female,139.170.152.175
43,Freddi,Reddish,freddish16@theglobeandmail.com,Female,126.66.243.63
44,Dev,Sorrell,dsorrell17@dion.ne.jp,Male,133.218.222.158
45,Dolley,Dewan,ddewan18@unc.edu,Female,89.61.96.171
46,Daisy,Scaife,dscaife19@mashable.com,Female,149.18.225.200
47,Wilt,Peak,wpeak1a@issuu.com,Male,47.253.28.228
48,Mayor,Dumbarton,mdumbarton1b@scribd.com,Male,255.103.228.158
49,Chrissy,Garrals,cgarrals1c@hubpages.com,Male,207.255.145.231
50,Gabriello,Watting,gwatting1d@baidu.com,Male,55.118.2.208
51,Brandice,Bredee,bbredee1e@dagondesign.com,Female,78.168.130.63
52,Urbain,Pinar,upinar1f@storify.com,Male,122.134.124.105
53,Locke,Dolohunty,ldolohunty1g@macromedia.com,Male,216.184.189.242
54,Clement,Clemetts,cclemetts1h@google.com.hk,Male,68.210.143.39
55,Timi,Gadie,tgadie1i@tripadvisor.com,Female,244.253.147.219
56,Cliff,Rudge,crudge1j@furl.net,Male,241.242.171.85
57,Claybourne,Ruffles,cruffles1k@myspace.com,Male,23.226.109.198
58,Will,Yakovlev,wyakovlev1l@wix.com,Male,50.84.243.17
59,Anderson,Jozefczak,ajozefczak1m@people.com.cn,Male,164.71.143.115
60,Giacinta,Abberley,gabberley1n@boston.com,Female,180.188.85.57
61,Sheffy,Kurt,skurt1o@shop-pro.jp,Male,118.44.240.71
62,Othella,Hungerford,ohungerford1p@gnu.org,Female,23.23.240.165
63,Terri,Stiddard,tstiddard1q@google.com.br,Female,170.55.124.62
64,Kali,Gamble,kgamble1r@purevolume.com,Female,27.114.111.217
65,Ruben,Mineghelli,rmineghelli1s@cbslocal.com,Male,100.194.152.57
66,Lesli,Reynault,lreynault1t@ft.com,Female,187.139.130.117
67,Janelle,Shercliff,jshercliff1u@ibm.com,Female,54.222.9.180
68,Angelico,Smout,asmout1v@stumbleupon.com,Male,241.110.150.103
69,Marrilee,Siddons,msiddons1w@dell.com,Female,84.166.31.32
70,Trumann,D'Enrico,tdenrico1x@hexun.com,Male,147.234.245.2
71,Way,Khidr,wkhidr1y@addthis.com,Male,76.148.115.92
72,Carolin,Meron,cmeron1z@hexun.com,Female,149.224.24.186
73,Lonnie,Kynastone,lkynastone20@bbb.org,Female,134.188.44.226
74,Kurt,Bilt,kbilt21@purevolume.com,Male,191.147.51.51
75,Flora,Minithorpe,fminithorpe22@mozilla.org,Female,216.173.13.97
76,Athene,Migheli,amigheli23@biglobe.ne.jp,Female,35.109.196.167
77,Raynell,Bosley,rbosley24@tripadvisor.com,Female,192.248.138.29
78,Tommie,Slaney,tslaney25@pagesperso-orange.fr,Female,48.151.37.244
79,Darin,Sazio,dsazio26@hibu.com,Male,163.89.225.255
80,Suzann,Bulfoy,sbulfoy27@bing.com,Female,51.120.39.71
81,Jobey,Frickey,jfrickey28@ftc.gov,Female,164.105.123.19
82,Der,Ferrario,dferrario29@google.fr,Male,62.122.66.165
83,Kale,Starsmore,kstarsmore2a@zimbio.com,Male,130.66.228.88
84,Garald,Haack,ghaack2b@ebay.co.uk,Male,114.35.178.54
85,Terry,Mellish,tmellish2c@archive.org,Male,170.143.255.27
86,Dav,Hanratty,dhanratty2d@addtoany.com,Male,191.110.145.180
87,Derrik,Slinger,dslinger2e@twitter.com,Male,213.99.34.246
88,Cedric,Peagram,cpeagram2f@netscape.com,Male,156.81.82.28
89,King,Shaddick,kshaddick2g@cafepress.com,Male,56.58.151.45
90,Demetria,Puden,dpuden2h@smugmug.com,Female,195.122.1.194
91,Piggy,Dennington,pdennington2i@patch.com,Male,227.85.40.193
92,Aristotle,Curedale,acuredale2j@blog.com,Male,221.227.91.249
93,Camey,Penley,cpenley2k@wordpress.com,Male,242.229.201.152
94,Stephen,Penketh,spenketh2l@pcworld.com,Male,8.185.70.64
95,Sibylla,Moxstead,smoxstead2m@ucla.edu,Female,170.18.89.244
96,Rosemary,Wistance,rwistance2n@nature.com,Female,65.81.120.176
97,Quincey,Pelfer,qpelfer2o@marriott.com,Male,141.241.243.110
98,Arleen,Crowch,acrowch2p@about.com,Female,219.166.225.70
99,Kaleena,Hammant,khammant2q@va.gov,Female,163.38.151.89
100,Vanni,Desvignes,vdesvignes2r@cdbaby.com,Female,81.100.96.182
101,Averyl,Spehr,aspehr2s@washington.edu,Female,162.8.248.56
102,Fanchon,Egel,fegel2t@newyorker.com,Female,99.129.8.59
103,Junette,Tampen,jtampen2u@un.org,Female,183.13.255.54
104,Merle,Cosh,mcosh2v@ftc.gov,Male,112.170.35.23
105,Jennilee,Worner,jworner2w@ebay.com,Female,52.231.67.246
106,Amitie,Seakings,aseakings2x@gravatar.com,Female,76.10.226.47
107,Jennifer,Renny,jrenny2y@ehow.com,Female,186.130.39.194
108,Harrietta,Van der Son,hvanderson2z@diigo.com,Female,64.242.226.156
109,Nadiya,Addionizio,naddionizio30@shutterfly.com,Female,11.222.122.196
110,Trixie,Brightling,tbrightling31@nsw.gov.au,Female,222.21.133.117
111,Ingelbert,Minchinton,iminchinton32@netscape.com,Male,130.183.159.92
112,Timoteo,Combes,tcombes33@networkadvertising.org,Male,242.25.20.215
113,Betti,Iacavone,biacavone34@newsvine.com,Female,104.253.151.218
114,Elliot,Rival,erival35@angelfire.com,Male,204.239.200.118
115,Findley,Kenneford,fkenneford36@cnn.com,Male,35.23.241.162
116,Marcos,Gallally,mgallally37@marketwatch.com,Male,161.241.212.139
117,Egan,Biggam,ebiggam38@yale.edu,Male,214.38.135.123
118,Jenda,Po,jpo39@cbc.ca,Female,58.93.213.84
119,Emalia,Seath,eseath3a@vimeo.com,Female,125.32.80.161
120,Holly,Sharrock,hsharrock3b@baidu.com,Male,215.4.22.226
121,Ernst,Dach,edach3c@indiegogo.com,Male,169.232.198.30
122,Brice,Hanbidge,bhanbidge3d@phoca.cz,Male,32.99.16.122
123,Nannie,Howieson,nhowieson3e@yahoo.com,Female,101.177.187.29
124,Denny,Cordeau],dcordeau3f@sfgate.com,Male,247.101.54.89
125,Perice,Pozzi,ppozzi3g@delicious.com,Male,126.210.135.106
126,Carey,Darque,cdarque3h@youku.com,Male,163.45.83.29
127,Petey,Lukacs,plukacs3i@chron.com,Male,17.156.74.251
128,Maddie,Legat,mlegat3j@google.pl,Male,61.216.6.91
129,Tessa,Roughan,troughan3k@bbc.co.uk,Female,78.193.63.221
130,Helli,Andras,handras3l@microsoft.com,Female,86.184.215.155
131,Aaron,Roback,aroback3m@sbwire.com,Male,92.156.154.26
132,Ethelyn,Gurery,egurery3n@mediafire.com,Female,50.163.93.139
133,Rikki,Readhead,rreadhead3o@myspace.com,Female,86.191.124.15
134,Zea,Wanderschek,zwanderschek3p@webs.com,Female,134.72.135.215
135,Vevay,Trengrouse,vtrengrouse3q@lycos.com,Female,12.227.154.255
136,Sharl,Jeffress,sjeffress3r@shop-pro.jp,Female,156.115.246.189
137,Mayor,Undrill,mundrill3s@naver.com,Male,166.188.134.17
138,Olav,Ganter,oganter3t@examiner.com,Male,125.64.213.50
139,Alvy,Corps,acorps3u@twitter.com,Male,19.6.168.143
140,Nefen,Tatham,ntatham3v@goo.ne.jp,Male,70.61.54.247
141,Tiebout,Almey,talmey3w@angelfire.com,Male,13.83.146.79
142,Pasquale,Hadleigh,phadleigh3x@ft.com,Male,214.182.37.211
143,Thorndike,Gambie,tgambie3y@answers.com,Male,242.92.206.164
144,Ingemar,Inchcomb,iinchcomb3z@cloudflare.com,Male,252.245.12.79
145,Joell,Gainfort,jgainfort40@yolasite.com,Female,227.226.194.245
146,Waylan,MacPharlain,wmacpharlain41@yellowbook.com,Male,97.242.212.114
147,Brad,Momery,bmomery42@over-blog.com,Male,23.226.63.2
148,Paddy,Benedicto,pbenedicto43@nhs.uk,Male,217.68.185.186
149,Laryssa,Wimpenny,lwimpenny44@google.pl,Female,223.23.98.53
150,Christin,Stallard,cstallard45@aboutads.info,Female,79.125.0.94
151,Petronille,Lamputt,plamputt46@freewebs.com,Female,32.251.62.124
152,Sonni,Konertz,skonertz47@goo.ne.jp,Female,211.10.50.7
153,Temp,MacCaughen,tmaccaughen48@yandex.ru,Male,89.147.202.64
154,Doria,Stendall,dstendall49@pagesperso-orange.fr,Female,194.194.58.173
155,Randie,Thornally,rthornally4a@who.int,Male,162.5.33.119
156,Westbrook,Casely,wcasely4b@cbslocal.com,Male,87.34.11.86
157,Cazzie,McKelvey,cmckelvey4c@virginia.edu,Male,160.227.48.227
158,Philbert,Ruselin,pruselin4d@ted.com,Male,125.53.79.38
159,Chickie,Espy,cespy4e@alibaba.com,Female,156.59.189.99
160,Carmina,Hawney,chawney4f@de.vu,Female,17.195.228.75
161,Ravi,Tring,rtring4g@google.com,Male,51.195.214.121
162,Beitris,De Bruin,bdebruin4h@fema.gov,Female,18.40.96.215
163,Constancy,Quilliam,cquilliam4i@mediafire.com,Female,24.8.57.23
164,Nestor,Canfield,ncanfield4j@nbcnews.com,Male,96.55.112.178
165,Roseline,Putterill,rputterill4k@telegraph.co.uk,Female,247.123.226.27
166,Greg,Swait,gswait4l@technorati.com,Male,20.17.200.169
167,Fania,Volante,fvolante4m@exblog.jp,Female,65.177.85.191
168,Eugine,Stamps,estamps4n@ihg.com,Female,38.85.235.154
169,Bertrand,Poat,bpoat4o@army.mil,Male,186.20.67.211
170,Jacklin,Goroni,jgoroni4p@wordpress.com,Female,195.35.229.195
171,Debera,Elsay,delsay4q@ovh.net,Female,10.158.25.18
172,Ramsey,Rutgers,rrutgers4r@tinypic.com,Male,153.159.221.113
173,Dell,Jimmes,djimmes4s@technorati.com,Female,112.96.189.58
174,Lyman,Wayte,lwayte4t@nhs.uk,Male,40.176.12.193
175,Tessie,Rubinow,trubinow4u@photobucket.com,Female,2.224.217.150
176,Riobard,Labram,rlabram4v@zdnet.com,Male,116.20.190.155
177,Nomi,Towll,ntowll4w@cnbc.com,Female,76.35.79.173
178,Rustie,Galton,rgalton4x@themeforest.net,Male,7.255.250.76
179,Regan,Schollar,rschollar4y@simplemachines.org,Male,113.16.29.165
180,Lucas,Woollam,lwoollam4z@opera.com,Male,115.5.24.73
181,Jaclin,Fibbit,jfibbit50@mozilla.org,Female,145.214.238.169
182,Joshia,Beardsley,jbeardsley51@feedburner.com,Male,114.149.61.135
183,Hadleigh,Bocke,hbocke52@w3.org,Male,254.101.6.109
184,Fons,Tavner,ftavner53@opensource.org,Male,19.81.51.142
185,Willard,Lordon,wlordon54@friendfeed.com,Male,184.18.96.29
186,Sutherland,Godden,sgodden55@archive.org,Male,15.158.29.239
187,Thurstan,Collis,tcollis56@sbwire.com,Male,213.123.230.82
188,Josh,Screwton,jscrewton57@about.me,Male,154.109.143.53
189,Rorke,Trenoweth,rtrenoweth58@cam.ac.uk,Male,246.217.255.1
190,Glory,Pheasey,gpheasey59@hhs.gov,Female,114.48.141.25
191,Benny,Awcoate,bawcoate5a@reverbnation.com,Male,64.0.208.138
192,Derron,Revel,drevel5b@si.edu,Male,249.62.197.7
193,Vanni,Titterrell,vtitterrell5c@nps.gov,Female,163.94.248.45
194,Theda,Ravilus,travilus5d@deliciousdays.com,Female,39.56.182.116
195,Diandra,Volet,dvolet5e@123-reg.co.uk,Female,123.21.112.91
196,Leesa,Large,llarge5f@toplist.cz,Female,147.33.218.127
197,Tybalt,Hamner,thamner5g@smh.com.au,Male,209.65.245.55
198,Malvina,Reicharz,mreicharz5h@virginia.edu,Female,29.228.173.233
199,Dion,De la Zenne,ddelazenne5i@simplemachines.org,Male,242.174.241.117
200,Eddy,Tredinnick,etredinnick5j@webnode.com,Male,101.185.132.7
201,Blakeley,Von Der Empten,bvonderempten5k@state.gov,Female,160.75.94.38
202,Suzanne,Schroeder,sschroeder5l@trellian.com,Female,63.149.85.72
203,Randall,Blunt,rblunt5m@slate.com,Male,41.35.58.204
204,Lanie,Richter,lrichter5n@netscape.com,Female,75.104.244.223
205,Marisa,Pickerin,mpickerin5o@army.mil,Female,99.18.178.161
206,Wallas,Mattiazzi,wmattiazzi5p@vistaprint.com,Male,42.226.181.121
207,Katleen,Meharg,kmeharg5q@ocn.ne.jp,Female,4.220.116.214
208,Barbabas,Sallows,bsallows5r@gravatar.com,Male,250.181.4.80
209,Rayner,Kliemchen,rkliemchen5s@stanford.edu,Male,112.178.239.69
210,Kip,Burstow,kburstow5t@gnu.org,Male,30.134.221.239
211,Lina,Clementi,lclementi5u@yolasite.com,Female,75.22.36.15
212,Cyrille,Dalbey,cdalbey5v@ucoz.ru,Male,134.151.63.0
213,Giuditta,Chinnock,gchinnock5w@example.com,Female,36.241.220.108
214,Mimi,Stithe,mstithe5x@skyrock.com,Female,85.35.19.70
215,Robinia,Wenn,rwenn5y@blog.com,Female,100.123.111.54
216,Gabriel,Anstead,ganstead5z@flavors.me,Male,72.151.211.151
217,Gaultiero,Shilleto,gshilleto60@xrea.com,Male,50.136.198.138
218,Stevena,Cowley,scowley61@nhs.uk,Female,41.79.5.1
219,Cissiee,Carek,ccarek62@wikispaces.com,Female,14.122.106.193
220,Win,Dicky,wdicky63@xrea.com,Male,251.28.210.216
221,Giffie,Hopkins,ghopkins64@ucoz.ru,Male,214.52.223.237
222,Pam,Cardero,pcardero65@odnoklassniki.ru,Female,87.128.12.29
223,Giorgio,Demongeot,gdemongeot66@hc360.com,Male,46.100.46.67
224,Wilhelm,Small,wsmall67@wix.com,Male,69.127.66.200
225,Juliet,Zellner,jzellner68@scientificamerican.com,Female,25.102.245.97
226,Clayson,Deex,cdeex69@census.gov,Male,140.133.107.65
227,Graig,Boyton,gboyton6a@unicef.org,Male,135.52.186.94
228,Marina,Gurr,mgurr6b@opera.com,Female,139.54.19.154
229,Hilary,Boyat,hboyat6c@instagram.com,Male,81.239.187.178
230,Juanita,McGilleghole,jmcgilleghole6d@bigcartel.com,Female,76.140.119.89
231,Burr,Saffe,bsaffe6e@github.io,Male,189.86.93.106
232,Georgetta,Darrigrand,gdarrigrand6f@arizona.edu,Female,136.53.93.115
233,Kristian,Elliott,kelliott6g@wikipedia.org,Male,234.190.246.159
234,Maximilianus,Houdmont,mhoudmont6h@sfgate.com,Male,147.181.77.204
235,Leah,Condie,lcondie6i@independent.co.uk,Female,44.178.97.115
236,Kimberlyn,Lyster,klyster6j@cpanel.net,Female,100.130.109.221
237,Tobe,Quarry,tquarry6k@bing.com,Male,8.67.43.119
238,Glad,Stackbridge,gstackbridge6l@hibu.com,Female,175.215.210.81
239,Leilah,Ort,lort6m@ed.gov,Female,84.3.93.211
240,Ellissa,Linskey,elinskey6n@github.io,Female,44.192.189.135
241,Gale,Andryushchenko,gandryushchenko6o@devhub.com,Male,119.69.126.253
242,Rhodia,Bolderoe,rbolderoe6p@g.co,Female,205.21.185.21
243,Marybelle,Midlane,mmidlane6q@mtv.com,Female,11.228.77.45
244,Mead,Poxson,mpoxson6r@ifeng.com,Female,253.83.133.189
245,Valaree,Sussex,vsussex6s@intel.com,Female,168.37.50.66
246,Reed,McNabb,rmcnabb6t@instagram.com,Male,103.206.15.117
247,Ursuline,Orford,uorford6u@yellowbook.com,Female,132.40.23.126
248,Nerita,Norvell,nnorvell6v@ucsd.edu,Female,148.149.25.191
249,Nelli,Valentim,nvalentim6w@photobucket.com,Female,83.184.108.214
250,Val,Lightbody,vlightbody6x@acquirethisname.com,Male,20.15.165.33
251,Sonnnie,Parish,sparish6y@sciencedaily.com,Female,207.187.200.54
252,Octavius,Cockshutt,ocockshutt6z@jigsy.com,Male,122.106.232.1
253,Ortensia,Binham,obinham70@alexa.com,Female,229.14.230.9
254,Darill,Kimbell,dkimbell71@kickstarter.com,Male,245.124.99.57
255,Karoly,McDonnell,kmcdonnell72@linkedin.com,Male,201.227.56.240
256,Susi,Voss,svoss73@google.ru,Female,98.116.203.120
257,Khalil,Scoggin,kscoggin74@sina.com.cn,Male,222.119.212.96
258,Gabriel,Coldwell,gcoldwell75@howstuffworks.com,Female,35.165.233.30
259,Ephrem,Beaver,ebeaver76@salon.com,Male,64.191.78.35
260,Mandie,Myring,mmyring77@princeton.edu,Female,154.117.29.215
261,Gonzalo,Robinet,grobinet78@apache.org,Male,193.217.95.67
262,Leia,Cufflin,lcufflin79@php.net,Female,253.98.41.56
263,Josias,Wastall,jwastall7a@phoca.cz,Male,119.252.21.43
264,Hieronymus,Maddison,hmaddison7b@newsvine.com,Male,169.249.116.16
265,Gwendolyn,Sicely,gsicely7c@hc360.com,Female,60.19.179.112
266,Mandi,Harmes,mharmes7d@icio.us,Female,51.53.131.244
267,Bevin,Brazenor,bbrazenor7e@uiuc.edu,Male,66.16.43.177
268,Marrissa,Mapledorum,mmapledorum7f@icio.us,Female,235.227.24.168
269,Flss,Cuncliffe,fcuncliffe7g@comcast.net,Female,218.187.183.62
270,Carr,Babon,cbabon7h@technorati.com,Male,115.106.5.209
271,Arabela,Howes,ahowes7i@statcounter.com,Female,90.142.186.59
272,Cthrine,Verrillo,cverrillo7j@odnoklassniki.ru,Female,84.115.145.84
273,Jackqueline,De Wolfe,jdewolfe7k@indiatimes.com,Female,102.120.83.35
274,Woodrow,Harrowing,wharrowing7l@phoca.cz,Male,149.125.89.50
275,Janey,Turbard,jturbard7m@scientificamerican.com,Female,210.25.85.122
276,Kerrie,Philippard,kphilippard7n@dagondesign.com,Female,20.223.189.255
277,Mendel,Wasbey,mwasbey7o@slate.com,Male,194.97.220.233
278,Eva,Paslow,epaslow7p@msn.com,Female,57.74.236.182
279,Jessy,Scales,jscales7q@gravatar.com,Female,0.125.155.209
280,Waite,Martynov,wmartynov7r@uiuc.edu,Male,63.190.58.36
281,Boycie,Whitechurch,bwhitechurch7s@slashdot.org,Male,155.201.141.91
282,Sula,Mobbs,smobbs7t@ihg.com,Female,244.76.245.134
283,Sherie,Kryszka,skryszka7u@theglobeandmail.com,Female,201.248.18.234
284,Shem,Rickardes,srickardes7v@unblog.fr,Male,7.208.248.86
285,Ange,Swanborough,aswanborough7w@wisc.edu,Male,166.113.248.144
286,Madonna,Patillo,mpatillo7x@sina.com.cn,Female,174.170.15.79
287,Robert,Ferrier,rferrier7y@technorati.com,Male,172.12.112.108
288,Bryce,Tunno,btunno7z@apple.com,Male,230.22.231.199
289,Paige,Patinkin,ppatinkin80@amazonaws.com,Female,122.76.13.149
290,Johann,Kamena,jkamena81@nps.gov,Male,210.195.6.156
291,Emmey,Quigley,equigley82@csmonitor.com,Female,100.69.182.157
292,Chelsae,Hamstead,chamstead83@naver.com,Female,242.233.200.146
293,Ethelda,Heathwood,eheathwood84@blogger.com,Female,145.156.11.252
294,Merrill,Morriarty,mmorriarty85@odnoklassniki.ru,Female,40.19.188.163
295,Gustavus,Rexworthy,grexworthy86@github.io,Male,169.86.240.137
296,Winfred,Knowlys,wknowlys87@cornell.edu,Male,3.59.111.144
297,Ricoriki,Harcombe,rharcombe88@aboutads.info,Male,249.185.27.101
298,Tiphany,Mattioli,tmattioli89@state.gov,Female,85.34.13.212
299,Clayborn,Heaselgrave,cheaselgrave8a@spiegel.de,Male,230.225.232.49
300,Rodrique,Bier,rbier8b@fastcompany.com,Male,53.32.201.203
301,Cristabel,Tombling,ctombling8c@nba.com,Female,220.171.49.111
302,Evy,Coulston,ecoulston8d@indiegogo.com,Female,80.90.110.147
303,Crosby,Hayesman,chayesman8e@dell.com,Male,99.213.128.12
304,Jaye,Middleweek,jmiddleweek8f@plala.or.jp,Male,204.88.116.230
305,El,Absolon,eabsolon8g@whitehouse.gov,Male,183.137.248.206
306,Jeanne,Rembaud,jrembaud8h@sourceforge.net,Female,186.156.3.36
307,Padgett,Patington,ppatington8i@google.es,Male,80.8.245.247
308,Farrand,Steptow,fsteptow8j@jalbum.net,Female,40.180.99.226
309,Etan,Kos,ekos8k@sina.com.cn,Male,220.9.229.173
310,Chelsy,Wessing,cwessing8l@marketwatch.com,Female,116.253.214.78
311,Celina,Moland,cmoland8m@icio.us,Female,77.99.5.50
312,Mikey,Kohter,mkohter8n@bravesites.com,Male,147.132.73.127
313,Aurelie,Cains,acains8o@cyberchimps.com,Female,247.20.36.181
314,Weider,Ableson,wableson8p@wired.com,Male,157.19.130.255
315,Agatha,Gemmell,agemmell8q@last.fm,Female,41.74.50.248
316,Randie,Girtin,rgirtin8r@livejournal.com,Male,234.2.154.25
317,Sibyl,Titley,stitley8s@sourceforge.net,Female,163.161.47.189
318,Madlen,Dyball,mdyball8t@ustream.tv,Female,112.108.124.94
319,Bryn,Prahm,bprahm8u@twitpic.com,Female,118.166.13.151
320,Estrella,Stedmond,estedmond8v@sbwire.com,Female,6.153.118.247
321,Dorthy,Blakeslee,dblakeslee8w@myspace.com,Female,82.227.190.9
322,Brett,Juckes,bjuckes8x@mapy.cz,Female,180.245.148.54
323,Clement,Tattersdill,ctattersdill8y@de.vu,Male,50.17.135.37
324,Drucie,Bendel,dbendel8z@infoseek.co.jp,Female,14.83.143.50
325,Griffy,Chamberlaine,gchamberlaine90@salon.com,Male,199.119.187.68
326,Heindrick,Barajaz,hbarajaz91@vk.com,Male,87.160.170.185
327,Doyle,Szymanowicz,dszymanowicz92@trellian.com,Male,36.116.27.199
328,Brett,Pert,bpert93@cdc.gov,Female,106.165.199.23
329,Gracia,Liddicoat,gliddicoat94@telegraph.co.uk,Female,249.84.45.101
330,Guillema,Reeks,greeks95@apple.com,Female,141.117.59.219
331,Malcolm,Melanaphy,mmelanaphy96@jiathis.com,Male,114.226.94.250
332,Morganica,Hargreaves,mhargreaves97@ihg.com,Female,95.230.46.57
333,Caryn,McMichael,cmcmichael98@google.cn,Female,95.102.144.206
334,Putnem,Schwerin,pschwerin99@msu.edu,Male,17.252.161.64
335,Kain,Mower,kmower9a@google.co.jp,Male,16.237.126.214
336,Marianna,Norvell,mnorvell9b@admin.ch,Female,176.137.53.165
337,Ashleigh,Canti,acanti9c@github.io,Female,53.149.127.162
338,Paton,Samwayes,psamwayes9d@networksolutions.com,Male,77.119.58.212
339,Fabiano,Joddens,fjoddens9e@zimbio.com,Male,134.207.74.159
340,Bondie,Kenneford,bkenneford9f@google.pl,Male,105.126.140.225
341,Jervis,Glinde,jglinde9g@wunderground.com,Male,1.29.231.250
342,Kimberlyn,Diprose,kdiprose9h@bizjournals.com,Female,25.186.250.46
343,Layton,Edmeades,ledmeades9i@accuweather.com,Male,192.91.208.129
344,Jermaine,Tomaino,jtomaino9j@digg.com,Male,110.207.194.94
345,Edik,Calan,ecalan9k@stanford.edu,Male,223.16.147.231
346,Sherlock,Oxherd,soxherd9l@walmart.com,Male,172.70.0.66
347,Mandy,Hacquard,mhacquard9m@wikipedia.org,Female,172.188.197.199
348,Lu,Grandham,lgrandham9n@businesswire.com,Female,126.139.33.84
349,Katya,Cushe,kcushe9o@paginegialle.it,Female,95.5.12.24
350,Grannie,Baldung,gbaldung9p@huffingtonpost.com,Male,124.220.95.29
351,Chlo,Moisey,cmoisey9q@about.me,Female,243.130.3.93
352,Juliann,Hyams,jhyams9r@ftc.gov,Female,68.168.3.234
353,Lotty,Graser,lgraser9s@woothemes.com,Female,189.229.45.216
354,Alayne,Timmermann,atimmermann9t@csmonitor.com,Female,152.189.58.118
355,Saunderson,Menicomb,smenicomb9u@comsenz.com,Male,24.253.47.236
356,Maurizio,Drew-Clifton,mdrewclifton9v@cmu.edu,Male,70.235.143.71
357,Jaclin,Nickols,jnickols9w@ameblo.jp,Female,216.20.188.95
358,Thorny,Koche,tkoche9x@taobao.com,Male,90.128.248.72
359,Adelaide,Bigadike,abigadike9y@about.me,Female,24.245.204.172
360,Juliette,Mattevi,jmattevi9z@photobucket.com,Female,169.220.189.212
361,Clari,Libbey,clibbeya0@i2i.jp,Female,220.85.80.138
362,Lauraine,Temporal,ltemporala1@xing.com,Female,194.95.236.70
363,Jeffy,Gribbell,jgribbella2@eepurl.com,Male,194.184.174.128
364,Margret,Morant,mmoranta3@va.gov,Female,106.21.37.20
365,Alyssa,Press,apressa4@bloomberg.com,Female,111.49.210.212
366,Salomo,Fildes,sfildesa5@deliciousdays.com,Male,248.163.93.192
367,Shem,Lyffe,slyffea6@europa.eu,Male,95.26.217.89
368,Werner,Marden,wmardena7@foxnews.com,Male,223.51.198.198
369,Huntley,Bortoli,hbortolia8@zdnet.com,Male,33.233.225.186
370,Freddi,Avesque,favesquea9@unc.edu,Female,227.89.233.87
371,Karla,Rispin,krispinaa@sphinn.com,Female,85.47.161.150
372,Xavier,Sturdey,xsturdeyab@wisc.edu,Male,179.125.245.250
373,Farlie,Shobrook,fshobrookac@arstechnica.com,Male,34.234.175.101
374,Michal,Cuvley,mcuvleyad@webs.com,Female,131.192.97.158
375,Lalo,Pendrick,lpendrickae@engadget.com,Male,130.9.252.51
376,Von,Keeltagh,vkeeltaghaf@hp.com,Male,233.237.147.89
377,Wynny,Totterdell,wtotterdellag@census.gov,Female,174.163.191.23
378,La verne,Caudelier,lcaudelierah@yahoo.com,Female,113.219.158.35
379,Levon,Bogie,lbogieai@odnoklassniki.ru,Male,136.216.57.192
380,Kent,O'Scollain,koscollainaj@toplist.cz,Male,227.81.98.241
381,Philippe,Rainsbury,prainsburyak@foxnews.com,Female,4.40.112.85
382,Nico,Garvey,ngarveyal@marketwatch.com,Male,170.214.211.145
383,Terri,Greim,tgreimam@yale.edu,Male,55.31.145.226
384,Niels,Akenhead,nakenheadan@mac.com,Male,186.169.186.115
385,Arne,Blake,ablakeao@utexas.edu,Male,152.16.201.44
386,Mozes,Loynton,mloyntonap@vinaora.com,Male,31.163.47.169
387,Garvy,Stretton,gstrettonaq@wikimedia.org,Male,140.164.131.65
388,Jeri,Losemann,jlosemannar@bloglovin.com,Female,113.233.231.168
389,Montague,Moseby,mmosebyas@yolasite.com,Male,77.75.19.28
390,Farlay,Muckart,fmuckartat@plala.or.jp,Male,146.208.71.175
391,Alane,Anstee,aansteeau@zdnet.com,Female,96.10.54.172
392,Loydie,Jelley,ljelleyav@ftc.gov,Male,134.81.88.64
393,Brandy,Dukesbury,bdukesburyaw@fotki.com,Male,122.37.163.171
394,Arlee,Danilchev,adanilchevax@cargocollective.com,Female,100.97.155.213
395,Sergei,Larkcum,slarkcumay@com.com,Male,254.240.182.191
396,Ivonne,Mauro,imauroaz@cpanel.net,Female,179.154.87.3
397,Jeralee,Simpkiss,jsimpkissb0@google.nl,Female,72.88.100.39
398,Melba,Finci,mfincib1@yahoo.com,Female,225.111.104.140
399,Nikos,Arntzen,narntzenb2@dyndns.org,Male,109.167.202.117
400,Karisa,Mooney,kmooneyb3@nba.com,Female,176.195.242.144
401,Carey,Harlow,charlowb4@quantcast.com,Male,124.50.72.171
402,Margi,Longcaster,mlongcasterb5@netscape.com,Female,39.194.19.153
403,Bert,Drought,bdroughtb6@paypal.com,Female,95.133.198.177
404,Bard,Aujean,baujeanb7@google.es,Male,173.54.108.135
405,Kelsey,Alfuso,kalfusob8@toplist.cz,Female,98.149.234.74
406,Cheslie,Lutz,clutzb9@goo.ne.jp,Female,255.243.66.143
407,Costa,Garms,cgarmsba@goodreads.com,Male,119.32.241.245
408,Erik,Grogona,egrogonabb@slideshare.net,Male,72.20.161.220
409,Burlie,Lorand,blorandbc@ezinearticles.com,Male,111.161.105.218
410,Shawn,Coite,scoitebd@icio.us,Male,64.135.212.126
411,Lezley,Venturoli,lventurolibe@utexas.edu,Male,168.164.190.81
412,Antony,Boole,aboolebf@youtu.be,Male,31.193.238.195
413,Chrissy,Bloxam,cbloxambg@facebook.com,Female,82.69.113.51
414,Kathye,Edmed,kedmedbh@zdnet.com,Female,121.208.201.238
415,Sonnnie,Sapena,ssapenabi@devhub.com,Female,27.150.58.245
416,Krysta,Stannis,kstannisbj@blogs.com,Female,125.94.53.29
417,Carol,Katte,ckattebk@comsenz.com,Female,115.24.11.49
418,Jada,Tripean,jtripeanbl@abc.net.au,Female,235.154.135.31
419,Anastasie,Lidington,alidingtonbm@edublogs.org,Female,61.88.78.92
420,Eloise,Story,estorybn@slideshare.net,Female,9.194.41.109
421,Farrand,Babber,fbabberbo@shop-pro.jp,Female,193.42.1.183
422,Rab,De Bruyn,rdebruynbp@netlog.com,Male,210.126.116.147
423,Wilton,Taylour,wtaylourbq@quantcast.com,Male,97.24.165.187
424,Rolando,O'Scandall,roscandallbr@ask.com,Male,210.61.106.27
425,Olympe,Gregorin,ogregorinbs@cpanel.net,Female,44.16.4.164
426,Elberta,Lunam,elunambt@nydailynews.com,Female,164.156.24.162
427,Zeke,Tabart,ztabartbu@com.com,Male,237.45.248.176
428,Boone,Klaffs,bklaffsbv@google.ru,Male,71.99.119.9
429,Lorelei,Andress,landressbw@digg.com,Female,3.254.16.243
430,Ninnette,Gherardi,ngherardibx@yelp.com,Female,86.196.102.20
431,Shadow,Fernier,sfernierby@shutterfly.com,Male,246.180.42.115
432,Ariana,Gullivan,agullivanbz@networkadvertising.org,Female,85.55.75.63
433,Athena,Fissenden,afissendenc0@bbc.co.uk,Female,80.71.239.67
434,Ringo,Lorentzen,rlorentzenc1@epa.gov,Male,3.175.119.184
435,Caren,Storey,cstoreyc2@bing.com,Female,192.101.73.21
436,Romeo,Roddy,rroddyc3@icio.us,Male,190.80.67.190
437,Hayward,Yakubovics,hyakubovicsc4@amazon.com,Male,164.194.241.189
438,Evangelin,Jenkins,ejenkinsc5@studiopress.com,Female,189.210.119.237
439,Nanete,Bools,nboolsc6@ustream.tv,Female,243.131.26.1
440,Victor,Chatain,vchatainc7@ca.gov,Male,42.144.139.221
441,Rafaellle,Jephcote,rjephcotec8@facebook.com,Male,52.55.53.127
442,Neill,Elrick,nelrickc9@google.ca,Male,50.176.135.80
443,Reagen,Blaw,rblawca@istockphoto.com,Male,66.150.127.231
444,Lacie,Ceschini,lceschinicb@stanford.edu,Female,88.150.170.204
445,Von,Pett,vpettcc@is.gd,Male,233.36.219.230
446,Sabra,Barrick,sbarrickcd@ft.com,Female,44.236.163.177
447,Cindee,Heliet,chelietce@multiply.com,Female,207.146.224.66
448,Kathrine,Thairs,kthairscf@arstechnica.com,Female,102.177.237.63
449,Cynthy,Footer,cfootercg@state.gov,Female,12.236.64.207
450,Sande,Ginnane,sginnanech@rambler.ru,Female,59.93.178.29
451,Salmon,Thow,sthowci@ftc.gov,Male,135.79.161.222
452,Kalinda,enzley,kenzleycj@cbsnews.com,Female,193.215.16.4
453,Sanford,Garrick,sgarrickck@java.com,Male,161.189.160.27
454,Dulsea,Inkin,dinkincl@qq.com,Female,171.248.0.91
455,Beverie,Gane,bganecm@archive.org,Female,215.247.21.250
456,Jo-ann,Longworth,jlongworthcn@canalblog.com,Female,24.112.114.40
457,Thedric,Jamrowicz,tjamrowiczco@angelfire.com,Male,71.81.66.73
458,Wayne,Valasek,wvalasekcp@infoseek.co.jp,Male,45.205.121.151
459,Averil,Lohering,aloheringcq@lulu.com,Male,246.251.87.93
460,Marwin,Collingridge,mcollingridgecr@dedecms.com,Male,131.247.52.57
461,Rora,Joontjes,rjoontjescs@archive.org,Female,60.219.185.28
462,Mellie,Bissatt,mbissattct@twitpic.com,Female,61.26.87.232
463,Sheilakathryn,Wicks,swickscu@independent.co.uk,Female,150.242.217.219
464,Aubry,Hartford,ahartfordcv@infoseek.co.jp,Female,135.87.50.108
465,Arin,Collard,acollardcw@theatlantic.com,Male,94.241.252.57
466,Giulietta,Enga,gengacx@telegraph.co.uk,Female,22.20.82.195
467,Reynolds,Geldart,rgeldartcy@godaddy.com,Male,77.126.114.162
468,Melosa,Ogglebie,mogglebiecz@surveymonkey.com,Female,27.60.73.149
469,Randell,MacUchadair,rmacuchadaird0@yolasite.com,Male,17.160.219.166
470,Chandler,Covill,ccovilld1@vk.com,Male,90.47.31.43
471,Damara,Sawfoot,dsawfootd2@tumblr.com,Female,5.248.19.109
472,Jessie,Bruinemann,jbruinemannd3@nasa.gov,Female,94.70.95.197
473,Kristofor,Rispin,krispind4@ox.ac.uk,Male,234.188.19.115
474,Jacintha,McDuall,jmcdualld5@cam.ac.uk,Female,105.169.149.133
475,Sanson,Bertome,sbertomed6@goo.ne.jp,Male,243.73.242.205
476,Peri,Keech,pkeechd7@loc.gov,Female,230.233.162.238
477,Myer,Toop,mtoopd8@163.com,Male,223.145.208.242
478,Federica,Sivewright,fsivewrightd9@storify.com,Female,103.227.86.159
479,Lanae,Sheehan,lsheehanda@virginia.edu,Female,221.90.220.96
480,Tadeo,Gunthorp,tgunthorpdb@guardian.co.uk,Male,29.71.218.146
481,Friedrich,Castane,fcastanedc@photobucket.com,Male,14.63.105.159
482,Roana,Shubotham,rshubothamdd@vistaprint.com,Female,104.92.1.227
483,Beryle,Gittus,bgittusde@soundcloud.com,Female,199.193.42.38
484,Chelsea,Bexon,cbexondf@aol.com,Female,78.138.164.30
485,Jessalyn,Shelley,jshelleydg@cbslocal.com,Female,69.148.200.233
486,Kerr,Capeloff,kcapeloffdh@wired.com,Male,67.99.57.186
487,Clyve,Yukhov,cyukhovdi@intel.com,Male,82.118.30.77
488,Lucien,McCartan,lmccartandj@over-blog.com,Male,91.247.46.120
489,Maegan,Andrusov,mandrusovdk@tinypic.com,Female,145.98.92.127
490,Rubie,Fernao,rfernaodl@guardian.co.uk,Female,6.61.6.74
491,Clarabelle,Faust,cfaustdm@blinklist.com,Female,156.235.224.25
492,Ludvig,Curry,lcurrydn@craigslist.org,Male,231.237.111.163
493,Ermin,Marconi,emarconido@spiegel.de,Male,135.92.176.36
494,Renaud,Castella,rcastelladp@topsy.com,Male,114.186.180.186
495,Burk,Kingescot,bkingescotdq@pcworld.com,Male,109.153.224.186
496,Ari,Trussman,atrussmandr@rediff.com,Male,239.131.161.119
497,Lucila,Nugent,lnugentds@msu.edu,Female,58.187.127.206
498,Blanca,Mullins,bmullinsdt@topsy.com,Female,202.70.231.244
499,Kelbee,Jacke,kjackedu@github.io,Male,175.220.138.19
500,Wanda,Quinevan,wquinevandv@theatlantic.com,Female,125.214.49.138
501,Reece,Lomen,rlomendw@usgs.gov,Male,40.174.69.237
502,Dareen,Gask,dgaskdx@vinaora.com,Female,183.21.243.95
503,Ilaire,Brimble,ibrimbledy@devhub.com,Male,103.145.146.198
504,Ephraim,Thorogood,ethorogooddz@economist.com,Male,62.70.36.248
505,Britni,Ure,buree0@ask.com,Female,45.73.102.3
506,Daniele,Tollet,dtollete1@soundcloud.com,Female,82.253.242.2
507,Lewes,Bracknall,lbracknalle2@ihg.com,Male,37.188.212.59
508,Alford,Franzen,afranzene3@comsenz.com,Male,82.71.97.110
509,Lorrie,Drydale,ldrydalee4@github.io,Female,138.79.19.180
510,Jacklyn,Bucktrout,jbucktroute5@purevolume.com,Female,226.59.173.82
511,Isidor,Cino,icinoe6@apple.com,Male,134.242.209.31
512,Isabelle,Frunks,ifrunkse7@dedecms.com,Female,3.134.210.166
513,Falkner,Claxton,fclaxtone8@g.co,Male,240.146.248.211
514,Willow,Macro,wmacroe9@tripod.com,Female,72.104.227.200
515,Wynne,Strewthers,wstrewthersea@webmd.com,Female,135.160.188.114
516,Adolphus,Varndell,avarndelleb@technorati.com,Male,149.48.61.77
517,Dieter,Anker,dankerec@pagesperso-orange.fr,Male,14.71.89.243
518,Danella,Hammerton,dhammertoned@ebay.co.uk,Female,50.192.61.169
519,Emmott,Bondar,ebondaree@sciencedaily.com,Male,127.192.157.196
520,Marilyn,Giacomuzzo,mgiacomuzzoef@ibm.com,Female,85.147.208.206
521,Mead,Lethieulier,mlethieuliereg@thetimes.co.uk,Female,142.102.212.217
522,Sianna,Yakebovitch,syakebovitcheh@wordpress.org,Female,74.249.76.166
523,Nicola,Carek,ncarekei@japanpost.jp,Female,235.118.151.119
524,Jehu,Fannin,jfanninej@europa.eu,Male,50.121.99.4
525,Shermy,Lambersen,slambersenek@sciencedaily.com,Male,86.237.111.10
526,Reinwald,Agerskow,ragerskowel@taobao.com,Male,141.91.97.109
527,Aggy,Empleton,aempletonem@odnoklassniki.ru,Female,186.163.216.169
528,Berty,Jugging,bjuggingen@arstechnica.com,Male,21.131.216.192
529,Alfie,De Filippis,adefilippiseo@msn.com,Male,32.170.129.143
530,Fionna,Everwin,feverwinep@pinterest.com,Female,122.253.172.236
531,Claudie,Rodmell,crodmelleq@de.vu,Female,109.249.216.177
532,Fielding,Rampling,framplinger@taobao.com,Male,85.145.247.86
533,Niven,Tradewell,ntradewelles@arizona.edu,Male,108.80.90.61
534,Cindelyn,Barthod,cbarthodet@toplist.cz,Female,202.156.216.195
535,Hal,Butland,hbutlandeu@ifeng.com,Male,184.125.98.203
536,Madge,Ravilus,mravilusev@bizjournals.com,Female,58.225.16.250
537,Nicky,Suart,nsuartew@dell.com,Female,161.167.33.67
538,Crysta,Drinkel,cdrinkelex@dot.gov,Female,146.125.234.171
539,Terri-jo,Danelut,tdanelutey@amazonaws.com,Female,29.177.120.82
540,Lorrie,Nappin,lnappinez@istockphoto.com,Female,251.239.181.132
541,Sela,Mew,smewf0@dedecms.com,Female,152.199.119.199
542,Cristabel,Pickton,cpicktonf1@studiopress.com,Female,57.46.58.138
543,Isador,Josephi,ijosephif2@discuz.net,Male,26.76.166.253
544,Dwayne,Grunson,dgrunsonf3@webnode.com,Male,131.0.123.215
545,Karine,Bartholin,kbartholinf4@networkadvertising.org,Female,129.251.253.94
546,Bamby,Vettore,bvettoref5@gov.uk,Female,233.151.187.242
547,Eldon,Brettel,ebrettelf6@360.cn,Male,50.8.235.9
548,Jeana,Dudeney,jdudeneyf7@opensource.org,Female,17.56.7.168
549,Myles,Druery,mdrueryf8@altervista.org,Male,3.188.143.45
550,Reynard,Ipwell,ripwellf9@dedecms.com,Male,97.40.239.201
551,Billi,Kynforth,bkynforthfa@blogtalkradio.com,Female,38.100.70.200
552,Gage,Philot,gphilotfb@prnewswire.com,Male,150.197.254.76
553,Hildegarde,Jime,hjimefc@ning.com,Female,54.150.3.202
554,Ives,Emsden,iemsdenfd@bravesites.com,Male,145.0.9.155
555,Gerek,Stockwell,gstockwellfe@bloglovin.com,Male,214.190.33.154
556,Gasper,Klossek,gklossekff@themeforest.net,Male,25.173.50.38
557,Anetta,Bourges,abourgesfg@blogspot.com,Female,188.193.126.47
558,Jenni,Fentem,jfentemfh@miibeian.gov.cn,Female,103.163.144.211
559,Audrye,Schneidau,aschneidaufi@flavors.me,Female,198.8.166.75
560,Edd,Kimberly,ekimberlyfj@oaic.gov.au,Male,225.225.249.0
561,Ingemar,Caldeyroux,icaldeyrouxfk@statcounter.com,Male,115.69.207.32
562,Normand,MacLeod,nmacleodfl@senate.gov,Male,105.244.254.190
563,Blanch,Lewin,blewinfm@paginegialle.it,Female,229.245.141.117
564,Hervey,Stanger,hstangerfn@globo.com,Male,157.127.90.12
565,Quinn,Wilber,qwilberfo@adobe.com,Female,253.53.3.219
566,Rosalia,Dinzey,rdinzeyfp@mysql.com,Female,30.193.174.145
567,Joshia,Darrigone,jdarrigonefq@goo.ne.jp,Male,185.66.200.64
568,Curran,Sparham,csparhamfr@wisc.edu,Male,8.156.192.110
569,Cullan,Scuse,cscusefs@howstuffworks.com,Male,144.44.127.187
570,Damian,Rymer,drymerft@addthis.com,Male,91.193.112.50
571,Pavia,Strelitz,pstrelitzfu@wix.com,Female,42.48.158.32
572,Dore,Whitten,dwhittenfv@mac.com,Female,178.81.2.55
573,Barn,Bugler,bbuglerfw@narod.ru,Male,234.107.206.97
574,Lura,Jellard,ljellardfx@addtoany.com,Female,142.9.209.101
575,Guendolen,Capnerhurst,gcapnerhurstfy@chicagotribune.com,Female,62.59.250.37
576,Ugo,Dolbey,udolbeyfz@bing.com,Male,45.75.71.90
577,Ermina,MacTrustey,emactrusteyg0@prlog.org,Female,237.123.105.206
578,Tomaso,Samwaye,tsamwayeg1@nba.com,Male,87.39.177.13
579,Teena,Reeks,treeksg2@cnet.com,Female,213.91.9.214
580,Mufinella,Dannel,mdannelg3@purevolume.com,Female,128.117.79.249
581,Kipper,Gregersen,kgregerseng4@hibu.com,Male,116.211.150.168
582,Pancho,Lilbourne,plilbourneg5@cpanel.net,Male,59.50.98.170
583,Celisse,Hollerin,chollering6@google.fr,Female,237.231.78.71
584,Raphael,Toping,rtopingg7@devhub.com,Male,1.139.254.4
585,Otha,Grafham,ografhamg8@bandcamp.com,Female,254.34.51.112
586,Nataline,Weedall,nweedallg9@purevolume.com,Female,23.33.253.235
587,Milissent,Morant,mmorantga@google.de,Female,55.184.77.0
588,Robbyn,Aldam,raldamgb@digg.com,Female,252.71.240.195
589,Bob,Hendrix,bhendrixgc@toplist.cz,Male,252.125.47.252
590,Kaleena,Worstall,kworstallgd@1und1.de,Female,33.110.147.33
591,Jethro,Spurden,jspurdenge@ted.com,Male,69.115.227.199
592,Even,Hoff,ehoffgf@washingtonpost.com,Male,91.240.116.202
593,Neddy,Tynnan,ntynnangg@buzzfeed.com,Male,140.146.104.199
594,Franky,Giacopini,fgiacopinigh@stanford.edu,Female,135.192.5.230
595,Kariotta,Emburey,kembureygi@cdbaby.com,Female,13.36.104.84
596,Jock,Rowntree,jrowntreegj@xrea.com,Male,40.170.3.14
597,Barnabe,McLleese,bmclleesegk@stanford.edu,Male,52.91.117.64
598,Gennifer,Crosby,gcrosbygl@yellowpages.com,Female,244.74.228.207
599,Hayward,Nodes,hnodesgm@unicef.org,Male,61.229.88.42
600,Marven,Brokenbrow,mbrokenbrowgn@github.io,Male,201.202.177.199
601,Reece,O'Kinneally,rokinneallygo@engadget.com,Male,42.173.163.71
602,Natal,Lucian,nluciangp@aboutads.info,Male,201.145.173.133
603,Jorrie,Dunleavy,jdunleavygq@ow.ly,Female,76.141.171.170
604,Sherman,Trayes,strayesgr@ucla.edu,Male,239.80.220.70
605,Marje,Mattisssen,mmattisssengs@mtv.com,Female,242.238.63.117
606,Winthrop,Seager,wseagergt@narod.ru,Male,187.62.148.240
607,Lucita,Kubiczek,lkubiczekgu@weather.com,Female,48.239.69.51
608,Alicea,Orpwood,aorpwoodgv@intel.com,Female,4.126.3.132
609,Ingunna,Stickells,istickellsgw@list-manage.com,Female,219.214.111.116
610,Gnni,Bernon,gbernongx@boston.com,Female,241.199.243.165
611,Clarette,Hammell,chammellgy@homestead.com,Female,126.50.56.1
612,Valentino,O'Reilly,voreillygz@is.gd,Male,33.62.65.245
613,Christiane,Keeffe,ckeeffeh0@bandcamp.com,Female,189.240.102.177
614,Ernestine,Balmadier,ebalmadierh1@purevolume.com,Female,186.184.104.253
615,Leon,Tilbury,ltilburyh2@canalblog.com,Male,182.94.101.90
616,Vivian,Pelchat,vpelchath3@scribd.com,Female,176.82.71.224
617,Orlando,Giovani,ogiovanih4@vk.com,Male,247.54.103.116
618,Alva,Allcott,aallcotth5@elegantthemes.com,Male,198.207.241.248
619,Justus,Tuttiett,jtuttietth6@si.edu,Male,54.215.220.226
620,Moritz,Rayment,mraymenth7@who.int,Male,10.19.107.40
621,Danita,Meconi,dmeconih8@ft.com,Female,209.237.26.63
622,Willie,Moston,wmostonh9@chron.com,Female,152.112.94.33
623,Leonore,Paolillo,lpaolilloha@senate.gov,Female,179.238.135.101
624,Guillermo,Flay,gflayhb@ebay.com,Male,163.144.91.220
625,Grannie,Raitt,graitthc@amazon.co.uk,Male,27.95.151.229
626,Jarib,Moses,jmoseshd@blogger.com,Male,89.46.216.19
627,Delphinia,Cray,dcrayhe@hp.com,Female,78.110.40.169
628,Timi,Cunnell,tcunnellhf@over-blog.com,Female,102.218.189.162
629,Demetria,Favel,dfavelhg@biglobe.ne.jp,Female,143.201.99.26
630,Sibel,Philbin,sphilbinhh@pagesperso-orange.fr,Female,249.218.254.78
631,Laird,Dungate,ldungatehi@sphinn.com,Male,166.231.148.149
632,Teodoor,Copestake,tcopestakehj@1688.com,Male,205.10.89.159
633,Floyd,Blamires,fblamireshk@linkedin.com,Male,226.124.12.24
634,Cordey,Drysdall,cdrysdallhl@squarespace.com,Female,163.54.231.199
635,Joe,Daintier,jdaintierhm@webnode.com,Male,74.44.140.181
636,Gib,Brogiotti,gbrogiottihn@blogs.com,Male,73.250.20.231
637,Inglis,Gofforth,igofforthho@mozilla.org,Male,153.214.61.141
638,Midge,Downing,mdowninghp@sciencedirect.com,Female,137.44.245.159
639,Alyse,Lowder,alowderhq@icio.us,Female,167.72.1.37
640,Wilmette,Haizelden,whaizeldenhr@elpais.com,Female,40.181.109.66
641,Basilius,Aynold,baynoldhs@wikia.com,Male,17.65.250.186
642,Geoff,Menendes,gmenendesht@skyrock.com,Male,16.194.66.205
643,Hannie,Skone,hskonehu@4shared.com,Female,172.72.21.169
644,Ross,Husk,rhuskhv@timesonline.co.uk,Male,73.197.88.32
645,Lucien,MacFadzean,lmacfadzeanhw@seesaa.net,Male,114.136.83.20
646,Doloritas,Lohoar,dlohoarhx@tripod.com,Female,42.86.142.44
647,Gayla,Baradel,gbaradelhy@nih.gov,Female,15.231.44.51
648,Erda,Scotchmur,escotchmurhz@ucoz.ru,Female,255.139.27.209
649,Linnie,Wistance,lwistancei0@miibeian.gov.cn,Female,210.108.53.35
650,Elise,Moger,emogeri1@vk.com,Female,127.158.184.241
651,Sigvard,Tym,stymi2@newyorker.com,Male,112.46.195.213
652,Emmalynne,Flett,efletti3@sina.com.cn,Female,21.97.216.62
653,Valentina,Weale,vwealei4@fotki.com,Female,223.10.171.77
654,Roth,Peschke,rpeschkei5@wikispaces.com,Male,240.50.54.76
655,Dionis,Grimbleby,dgrimblebyi6@tinypic.com,Female,44.86.128.77
656,Shirlene,de Merida,sdemeridai7@skyrock.com,Female,143.66.115.69
657,Obidiah,Bernet,oberneti8@blogtalkradio.com,Male,245.107.40.18
658,Maureen,Sayburn,msayburni9@mashable.com,Female,85.143.78.73
659,Hilly,Bartolomivis,hbartolomivisia@rambler.ru,Male,236.183.185.122
660,Zedekiah,Lermouth,zlermouthib@mozilla.com,Male,64.3.146.90
661,Aluino,Priden,apridenic@ask.com,Male,235.76.228.199
662,Barbara-anne,Steet,bsteetid@marketwatch.com,Female,47.217.86.168
663,Mervin,Victory,mvictoryie@telegraph.co.uk,Male,60.65.121.169
664,Harp,Jakubovsky,hjakubovskyif@booking.com,Male,164.130.100.26
665,Darbee,Bartles,dbartlesig@ucoz.com,Male,224.131.47.146
666,Bibby,Swoffer,bswofferih@umn.edu,Female,118.185.32.43
667,Winnie,Agent,wagentii@list-manage.com,Male,150.91.65.55
668,Janey,Wilding,jwildingij@utexas.edu,Female,94.144.159.108
669,Darin,Olyff,dolyffik@theatlantic.com,Male,167.6.133.0
670,Giorgio,Legendre,glegendreil@1688.com,Male,43.205.64.199
671,Feodor,Storrie,fstorrieim@ocn.ne.jp,Male,29.33.122.37
672,Thornie,Goodredge,tgoodredgein@blinklist.com,Male,237.127.17.18
673,Welby,Burt,wburtio@smh.com.au,Male,163.51.90.46
674,Vivia,Chorley,vchorleyip@smh.com.au,Female,155.179.126.218
675,Nancee,Cubberley,ncubberleyiq@google.com.au,Female,220.125.43.232
676,Bernard,Lewcock,blewcockir@squarespace.com,Male,225.20.174.73
677,Vachel,Geertje,vgeertjeis@squarespace.com,Male,47.46.89.169
678,Jermayne,Jirka,jjirkait@google.es,Male,115.101.124.75
679,Meridith,Torbard,mtorbardiu@pagesperso-orange.fr,Female,7.3.96.187
680,Elsworth,MacCome,emaccomeiv@angelfire.com,Male,78.188.102.166
681,Nonna,Dudeney,ndudeneyiw@nyu.edu,Female,127.108.186.120
682,Louisa,Vockings,lvockingsix@illinois.edu,Female,14.189.30.252
683,Tammy,Juara,tjuaraiy@over-blog.com,Male,93.242.251.41
684,Aymer,Anker,aankeriz@amazon.co.jp,Male,10.23.3.168
685,Gwendolen,Philipps,gphilippsj0@census.gov,Female,176.76.91.238
686,Braden,Canning,bcanningj1@cnn.com,Male,92.23.161.111
687,Bianca,Pellant,bpellantj2@homestead.com,Female,56.234.159.82
688,Orren,Rolfi,orolfij3@taobao.com,Male,47.165.1.79
689,Hart,Girardet,hgirardetj4@nps.gov,Male,211.55.11.0
690,Ingar,Charrett,icharrettj5@facebook.com,Male,167.64.57.68
691,Sigfried,Soden,ssodenj6@who.int,Male,153.162.164.245
692,Adan,Pren,aprenj7@wix.com,Female,127.221.218.144
693,Robin,Arrow,rarrowj8@google.co.jp,Female,229.31.117.101
694,Lyman,Blasetti,lblasettij9@sciencedirect.com,Male,181.15.197.53
695,Janaye,Allard,jallardja@paginegialle.it,Female,21.87.28.199
696,Josh,Gildea,jgildeajb@fastcompany.com,Male,204.154.146.31
697,Jean,Capon,jcaponjc@wufoo.com,Male,175.239.229.152
698,Susi,Haacker,shaackerjd@e-recht24.de,Female,143.162.69.215
699,Alic,Cardus,acardusje@wikipedia.org,Male,168.108.186.71
700,Irene,Gillebert,igillebertjf@icio.us,Female,12.177.62.10
701,Tudor,Obell,tobelljg@jigsy.com,Male,16.178.43.183
702,Prentice,Monksfield,pmonksfieldjh@netvibes.com,Male,147.238.33.20
703,Korella,Brasener,kbrasenerji@google.com.br,Female,243.103.30.158
704,Kristan,Dzeniskevich,kdzeniskevichjj@webs.com,Female,39.16.99.23
705,Sella,Wainscoat,swainscoatjk@github.com,Female,157.171.175.228
706,Timothea,Mollitt,tmollittjl@simplemachines.org,Female,10.119.250.5
707,Gasper,Helder,ghelderjm@360.cn,Male,236.207.232.96
708,Humbert,Mariyushkin,hmariyushkinjn@nbcnews.com,Male,150.11.139.209
709,York,Dominguez,ydominguezjo@theatlantic.com,Male,195.225.29.99
710,Osmond,Crigin,ocriginjp@delicious.com,Male,14.236.128.230
711,Mikol,Lafuente,mlafuentejq@shutterfly.com,Male,243.122.186.7
712,Erminie,Faragan,efaraganjr@bizjournals.com,Female,152.128.79.170
713,Horacio,Klejna,hklejnajs@springer.com,Male,254.240.250.236
714,Brunhilde,Ingry,bingryjt@shareasale.com,Female,215.176.229.94
715,Chadwick,Dealey,cdealeyju@example.com,Male,101.88.39.254
716,Bobina,Webb-Bowen,bwebbbowenjv@who.int,Female,52.57.138.186
717,Rochell,Fabbri,rfabbrijw@free.fr,Female,8.103.125.35
718,Karry,Harverson,kharversonjx@apple.com,Female,175.119.80.107
719,Meier,O' Flaherty,moflahertyjy@infoseek.co.jp,Male,228.36.84.101
720,Chickie,Dudden,cduddenjz@unesco.org,Male,32.173.163.87
721,Cleopatra,Cosker,ccoskerk0@wisc.edu,Female,225.106.183.58
722,Gino,Mattevi,gmattevik1@seattletimes.com,Male,162.96.173.107
723,Alon,Daldry,adaldryk2@eepurl.com,Male,224.203.51.5
724,Nataniel,Attock,nattockk3@dedecms.com,Male,22.58.196.201
725,Lothaire,Kovalski,lkovalskik4@tripadvisor.com,Male,59.112.202.56
726,Margaretta,Trencher,mtrencherk5@cdbaby.com,Female,148.9.39.158
727,Vincent,Willshear,vwillsheark6@yandex.ru,Male,235.236.32.75
728,Arni,Pierton,apiertonk7@tinypic.com,Male,26.48.2.158
729,Dorree,Naismith,dnaismithk8@tuttocitta.it,Female,142.3.240.140
730,Alfred,Kennicott,akennicottk9@usatoday.com,Male,242.224.228.64
731,Zoe,Aizikovitz,zaizikovitzka@fc2.com,Female,206.133.206.87
732,Tonye,Baggott,tbaggottkb@domainmarket.com,Female,68.151.172.249
733,Hyacinthia,Geater,hgeaterkc@t.co,Female,52.53.22.163
734,Heinrik,Guare,hguarekd@soundcloud.com,Male,196.132.199.87
735,Heda,Santos,hsantoske@baidu.com,Female,48.203.33.43
736,Aggie,Filip,afilipkf@parallels.com,Female,245.253.167.100
737,Birgit,Suddaby,bsuddabykg@sohu.com,Female,119.26.91.194
738,Bernadina,Shemilt,bshemiltkh@rediff.com,Female,123.234.61.78
739,Charmine,Crimmins,ccrimminski@webs.com,Female,156.241.143.246
740,Shandee,Acum,sacumkj@jiathis.com,Female,98.80.11.14
741,Frederick,Parry,fparrykk@opera.com,Male,8.92.239.76
742,Wye,Duncklee,wdunckleekl@scientificamerican.com,Male,5.232.82.17
743,Joelynn,Disley,jdisleykm@phpbb.com,Female,232.254.15.211
744,Don,Rubenfeld,drubenfeldkn@telegraph.co.uk,Male,240.203.123.54
745,Gayle,Seymark,gseymarkko@google.com.au,Male,245.240.26.113
746,Jude,Bardey,jbardeykp@mail.ru,Male,255.105.52.136
747,Simmonds,Petrello,spetrellokq@cam.ac.uk,Male,4.61.17.68
748,Trudy,Eddie,teddiekr@wsj.com,Female,92.47.23.178
749,Baxie,Soutter,bsoutterks@go.com,Male,131.250.123.246
750,Serena,Easseby,seassebykt@themeforest.net,Female,77.212.3.19
751,Gram,Whitwham,gwhitwhamku@flavors.me,Male,188.146.160.194
752,Shelbi,Rooke,srookekv@constantcontact.com,Female,131.154.108.172
753,Octavius,Pykett,opykettkw@goo.gl,Male,170.235.22.167
754,Nikolos,Branchet,nbranchetkx@linkedin.com,Male,226.160.24.250
755,Salomo,Peatheyjohns,speatheyjohnsky@lycos.com,Male,147.221.53.187
756,Matthieu,Caudle,mcaudlekz@mayoclinic.com,Male,118.49.80.126
757,Cleve,Mepsted,cmepstedl0@google.com.au,Male,157.111.158.186
758,Jacinta,Mantz,jmantzl1@japanpost.jp,Female,243.191.182.0
759,Ax,Yeowell,ayeowelll2@privacy.gov.au,Male,65.228.190.255
760,Kaitlynn,Queenborough,kqueenboroughl3@nih.gov,Female,113.13.11.223
761,Mignon,Twizell,mtwizelll4@ihg.com,Female,11.149.117.75
762,Fonzie,Balazin,fbalazinl5@pagesperso-orange.fr,Male,255.28.221.4
763,Gwendolyn,Pelman,gpelmanl6@disqus.com,Female,4.224.89.105
764,Colas,Bliss,cblissl7@google.com,Male,141.210.10.62
765,Garwin,Boch,gbochl8@time.com,Male,126.212.40.14
766,Thaine,Baugham,tbaughaml9@hexun.com,Male,75.176.222.96
767,Datha,Mawford,dmawfordla@github.io,Female,234.49.132.124
768,Loy,Lodford,llodfordlb@bloglines.com,Male,236.247.74.224
769,Miner,Shinfield,mshinfieldlc@zdnet.com,Male,254.80.14.86
770,Kaspar,Oldroyde,koldroydeld@npr.org,Male,129.80.144.119
771,Noami,Klaassens,nklaassensle@sitemeter.com,Female,203.16.185.126
772,Dorise,Loody,dloodylf@naver.com,Female,84.93.204.102
773,Jacquette,Vondruska,jvondruskalg@shop-pro.jp,Female,184.21.222.100
774,Elmira,Speare,espearelh@w3.org,Female,65.41.137.68
775,Kristien,Richardet,krichardetli@google.it,Female,131.225.164.48
776,Pennie,Craydon,pcraydonlj@slideshare.net,Female,235.146.67.150
777,Rogerio,Baguley,rbaguleylk@desdev.cn,Male,187.236.38.163
778,Phillida,Brisseau,pbrisseaull@artisteer.com,Female,70.129.193.33
779,Verena,Flawith,vflawithlm@geocities.com,Female,139.60.132.195
780,Peter,Cartmell,pcartmellln@pinterest.com,Male,66.129.83.1
781,Kerwinn,Tuxwell,ktuxwelllo@cdbaby.com,Male,252.9.9.210
782,Hettie,Larder,hlarderlp@acquirethisname.com,Female,49.216.226.250
783,Vanya,Cabena,vcabenalq@theatlantic.com,Female,155.255.112.123
784,Ertha,Fynes,efyneslr@sogou.com,Female,138.216.187.172
785,Gilda,Lening,gleningls@cocolog-nifty.com,Female,162.205.232.181
786,Nathanil,Fearenside,nfearensidelt@ucoz.com,Male,45.251.210.10
787,Belia,Trehearn,btrehearnlu@nasa.gov,Female,183.95.181.26
788,Leeanne,Mattersley,lmattersleylv@flavors.me,Female,204.253.2.166
789,Skipton,Ovington,sovingtonlw@symantec.com,Male,210.53.129.39
790,Anetta,Antoney,aantoneylx@networkadvertising.org,Female,180.19.184.95
791,Hewett,Brister,hbristerly@nymag.com,Male,203.51.9.146
792,Aggie,Anand,aanandlz@flavors.me,Female,53.254.240.120
793,Jamaal,Jellico,jjellicom0@cdbaby.com,Male,90.127.79.189
794,Keenan,Carff,kcarffm1@storify.com,Male,78.201.252.184
795,Torrie,Pocknell,tpocknellm2@printfriendly.com,Female,250.221.213.146
796,Fabio,Jeannet,fjeannetm3@dell.com,Male,33.248.211.175
797,Lisabeth,Jeannot,ljeannotm4@networkadvertising.org,Female,192.98.181.102
798,Pier,Danton,pdantonm5@java.com,Female,107.23.183.117
799,Nappie,Philbin,nphilbinm6@merriam-webster.com,Male,163.219.208.101
800,Teodorico,Hachette,thachettem7@cocolog-nifty.com,Male,212.135.38.19
801,Dareen,McCurt,dmccurtm8@bloglovin.com,Female,215.101.17.47
802,Calv,Trunchion,ctrunchionm9@ted.com,Male,22.112.196.35
803,Homerus,Mattam,hmattamma@seesaa.net,Male,212.131.235.216
804,Ailis,Izacenko,aizacenkomb@about.me,Female,169.114.31.6
805,Mommy,Linstead,mlinsteadmc@over-blog.com,Female,80.103.35.117
806,Hilliard,Frushard,hfrushardmd@bbb.org,Male,216.36.185.25
807,Kayle,Caccavari,kcaccavarime@devhub.com,Female,176.227.195.9
808,Cornie,Gounel,cgounelmf@icq.com,Female,138.50.113.186
809,Emmanuel,Kadd,ekaddmg@netlog.com,Male,184.205.242.64
810,Trevar,Doxey,tdoxeymh@google.ru,Male,222.25.6.63
811,Eachelle,Blais,eblaismi@webmd.com,Female,6.112.195.157
812,Winn,Patrick,wpatrickmj@delicious.com,Male,84.199.107.135
813,Karry,Abate,kabatemk@addthis.com,Female,21.159.92.175
814,Dale,Waiting,dwaitingml@abc.net.au,Female,116.53.107.40
815,Astrid,Cessford,acessfordmm@clickbank.net,Female,154.168.49.218
816,Tyrus,De Witt,tdewittmn@wikimedia.org,Male,7.175.152.206
817,Alexei,Sima,asimamo@upenn.edu,Male,124.251.126.137
818,Caro,Wing,cwingmp@princeton.edu,Female,86.129.200.51
819,Carolan,Gyves,cgyvesmq@nih.gov,Female,118.74.39.131
820,Mylo,Paradis,mparadismr@reference.com,Male,176.189.0.149
821,Tammie,Jurczak,tjurczakms@google.ru,Female,31.184.43.187
822,Belinda,Keppy,bkeppymt@sakura.ne.jp,Female,135.66.35.238
823,Rodrick,Cartmill,rcartmillmu@upenn.edu,Male,88.230.3.247
824,Adrian,Niesing,aniesingmv@google.fr,Female,107.134.76.197
825,Karly,Redshaw,kredshawmw@ihg.com,Female,74.148.19.164
826,Stoddard,Alliston,sallistonmx@yahoo.co.jp,Female,213.254.211.103
827,Kathe,Asel,kaselmy@phoca.cz,Female,207.239.132.36
828,Sallyann,Fealey,sfealeymz@mediafire.com,Female,65.140.87.249
829,Susy,Worral,sworraln0@miitbeian.gov.cn,Female,173.42.137.20
830,Hermia,Slingsby,hslingsbyn1@bluehost.com,Female,103.123.95.77
831,Ezmeralda,Blackborough,eblackboroughn2@ow.ly,Female,209.243.168.7
832,Eldon,Deal,edealn3@illinois.edu,Male,5.40.178.141
833,Rickard,Clace,rclacen4@canalblog.com,Male,48.8.255.17
834,Salomone,Pollins,spollinsn5@japanpost.jp,Male,118.78.38.41
835,Alexandra,O' Dooley,aodooleyn6@pcworld.com,Female,85.13.24.22
836,Stillman,Braams,sbraamsn7@comsenz.com,Male,9.236.210.193
837,Christi,Jackalin,cjackalinn8@fda.gov,Female,128.226.59.47
838,Humfrey,Slad,hsladn9@indiatimes.com,Male,66.166.213.10
839,Walsh,Rego,wregona@tripod.com,Male,62.54.255.146
840,Berkie,Dowbakin,bdowbakinnb@posterous.com,Male,12.85.21.191
841,Melodee,Heggs,mheggsnc@rakuten.co.jp,Female,16.232.176.50
842,Helsa,Workman,hworkmannd@fema.gov,Female,99.31.92.123
843,Cammie,Baber,cbaberne@meetup.com,Female,125.239.150.104
844,Phillie,Wisby,pwisbynf@timesonline.co.uk,Female,57.67.18.177
845,Sheila-kathryn,Munks,smunksng@wp.com,Female,128.27.77.141
846,Llewellyn,Gascone,lgasconenh@phpbb.com,Male,44.174.2.200
847,Dorella,Tapp,dtappni@usa.gov,Female,47.117.144.81
848,Coralie,Cassy,ccassynj@uiuc.edu,Female,10.237.228.24
849,Donelle,Navan,dnavannk@nytimes.com,Female,237.28.66.161
850,Margarette,Lanahan,mlanahannl@umich.edu,Female,138.255.90.97
851,Reube,Godwin,rgodwinnm@weibo.com,Male,216.117.115.62
852,Britni,Gladeche,bgladechenn@arizona.edu,Female,44.190.110.234
853,Giffer,Greaterex,ggreaterexno@freewebs.com,Male,127.160.64.204
854,Kerwinn,Featherstonhaugh,kfeatherstonhaughnp@ustream.tv,Male,215.215.67.213
855,Ahmed,Bikker,abikkernq@craigslist.org,Male,233.60.125.86
856,Vito,Andreas,vandreasnr@mtv.com,Male,215.238.103.40
857,Lynne,Broseman,lbrosemanns@360.cn,Female,172.190.49.95
858,Dorice,Bruhke,dbruhkent@home.pl,Female,193.29.37.17
859,Patton,Jermyn,pjermynnu@google.co.jp,Male,204.124.119.207
860,Benjamen,Clulow,bclulownv@webnode.com,Male,185.60.35.152
861,Maxie,Ledbury,mledburynw@posterous.com,Female,246.176.108.130
862,Berton,Haswell,bhaswellnx@vistaprint.com,Male,157.10.148.161
863,Channa,Bleasdille,cbleasdilleny@google.es,Female,111.71.15.138
864,Mandy,Cantua,mcantuanz@dell.com,Female,205.2.190.32
865,Jakob,Fussey,jfusseyo0@dailymotion.com,Male,133.86.172.70
866,Claus,Wiffield,cwiffieldo1@booking.com,Male,233.132.191.121
867,Malissia,Alliberton,mallibertono2@amazon.de,Female,139.97.198.215
868,Sharai,De Few,sdefewo3@omniture.com,Female,118.235.133.181
869,Worth,Bultitude,wbultitudeo4@hexun.com,Male,24.92.11.61
870,Amandie,Bartosch,abartoscho5@wix.com,Female,77.210.38.35
871,Hannah,Gabbidon,hgabbidono6@icq.com,Female,74.125.99.218
872,Nicolea,McHaffy,nmchaffyo7@google.nl,Female,85.121.53.75
873,Bette-ann,Childs,bchildso8@bizjournals.com,Female,67.242.159.137
874,Tucker,Flather,tflathero9@linkedin.com,Male,108.230.121.195
875,Jermaine,Shiril,jshiriloa@github.io,Male,243.8.255.175
876,Aleta,Beebee,abeebeeob@digg.com,Female,19.115.68.136
877,Marietta,Heinschke,mheinschkeoc@mayoclinic.com,Female,46.8.16.116
878,Rodge,Gilcrist,rgilcristod@jalbum.net,Male,125.237.61.71
879,Emanuele,Domokos,edomokosoe@java.com,Male,3.51.190.150
880,Gratia,Rowat,growatof@cloudflare.com,Female,201.237.109.132
881,Carree,Oiller,coillerog@ustream.tv,Female,241.139.29.40
882,Sisely,Bridewell,sbridewelloh@ftc.gov,Female,132.245.234.90
883,Ambrosi,Cossum,acossumoi@irs.gov,Male,120.153.65.82
884,Greer,Storry,gstorryoj@geocities.com,Female,83.43.71.207
885,Laurie,Riveles,lrivelesok@bigcartel.com,Male,170.69.99.189
886,Teresa,Tonnesen,ttonnesenol@delicious.com,Female,106.77.63.217
887,Camey,Dunnett,cdunnettom@fotki.com,Male,219.43.162.231
888,Wilhelmine,Cloney,wcloneyon@irs.gov,Female,176.226.193.232
889,Mary,Wylam,mwylamoo@gov.uk,Female,233.170.120.66
890,Avis,Kretchmer,akretchmerop@theatlantic.com,Female,29.222.220.249
891,Nesta,Tie,ntieoq@amazon.co.jp,Female,94.212.95.170
892,Fleur,Clayton,fclaytonor@ibm.com,Female,75.113.232.193
893,Dick,Langthorne,dlangthorneos@bizjournals.com,Male,98.17.230.167
894,Rosita,Falck,rfalckot@imgur.com,Female,230.7.186.247
895,Reinaldo,Zettler,rzettlerou@quantcast.com,Male,182.73.195.24
896,Aggie,Heaps,aheapsov@washington.edu,Female,169.239.36.205
897,Erasmus,Casey,ecaseyow@a8.net,Male,213.245.40.193
898,Andrei,MacCaffrey,amaccaffreyox@webs.com,Female,117.214.41.90
899,Simonne,Pashbee,spashbeeoy@admin.ch,Female,177.140.44.52
900,Rudy,Digginson,rdigginsonoz@weather.com,Male,206.155.90.189
901,Briggs,Carpenter,bcarpenterp0@mayoclinic.com,Male,118.53.125.209
902,Hardy,Ollerenshaw,hollerenshawp1@plala.or.jp,Male,230.172.40.26
903,Major,Pasquale,mpasqualep2@e-recht24.de,Male,45.77.109.209
904,Bobby,Dodamead,bdodameadp3@friendfeed.com,Female,177.92.143.59
905,Kristoforo,McGaffey,kmcgaffeyp4@jiathis.com,Male,182.115.121.146
906,Marillin,Towne,mtownep5@skyrock.com,Female,49.111.47.194
907,Abner,Sibthorp,asibthorpp6@sogou.com,Male,156.105.239.172
908,Montague,Van der Hoven,mvanderhovenp7@addthis.com,Male,86.99.170.196
909,Joseph,Mollison,jmollisonp8@gmpg.org,Male,49.103.112.151
910,Garrott,Danovich,gdanovichp9@examiner.com,Male,180.252.242.115
911,Bail,Eldrett,beldrettpa@ihg.com,Male,115.15.57.83
912,Corbie,Dibbin,cdibbinpb@fotki.com,Male,68.2.52.27
913,Rodney,Zmitrovich,rzmitrovichpc@symantec.com,Male,182.62.191.113
914,Odella,Putman,oputmanpd@webeden.co.uk,Female,59.72.46.175
915,Bay,Urlin,burlinpe@hostgator.com,Male,64.2.70.127
916,Alain,M'Chirrie,amchirriepf@pcworld.com,Male,84.128.31.67
917,Alaster,Emsley,aemsleypg@umn.edu,Male,121.37.200.24
918,Gardiner,Camsey,gcamseyph@state.tx.us,Male,214.54.60.12
919,Corella,Crosland,ccroslandpi@goo.ne.jp,Female,11.34.192.144
920,Lemmie,Cattenach,lcattenachpj@shinystat.com,Male,150.152.235.192
921,Phip,Pointer,ppointerpk@discovery.com,Male,133.104.43.137
922,Emanuele,Steinhammer,esteinhammerpl@diigo.com,Male,182.87.151.75
923,Guss,Morgen,gmorgenpm@cisco.com,Male,46.250.41.186
924,Mariel,Tilbury,mtilburypn@elegantthemes.com,Female,86.162.3.197
925,Margi,Woolrich,mwoolrichpo@digg.com,Female,38.30.109.66
926,Ban,Basile,bbasilepp@google.es,Male,156.1.140.83
927,Di,Gowling,dgowlingpq@usda.gov,Female,98.240.242.146
928,Barri,Breming,bbremingpr@cbsnews.com,Male,139.97.206.229
929,Sherm,Darington,sdaringtonps@businesswire.com,Male,174.51.236.48
930,Brook,Forsdicke,bforsdickept@shutterfly.com,Male,210.19.17.58
931,Edee,Logan,eloganpu@wp.com,Female,131.58.155.203
932,Bab,Radke,bradkepv@zimbio.com,Female,158.15.38.57
933,Leonard,Ferier,lferierpw@boston.com,Male,202.46.194.141
934,Edan,Herley,eherleypx@friendfeed.com,Male,166.193.192.36
935,Tris,De Luna,tdelunapy@yelp.com,Male,155.76.138.196
936,Ulrike,Godby,ugodbypz@nps.gov,Female,231.147.231.176
937,Dyann,Kalinsky,dkalinskyq0@1688.com,Female,207.238.253.87
938,Robinet,Coggan,rcogganq1@comcast.net,Male,249.216.17.83
939,Elsworth,Lerohan,elerohanq2@lycos.com,Male,65.221.242.202
940,Lauryn,Wattam,lwattamq3@yelp.com,Female,227.35.77.225
941,Naomi,McIlrath,nmcilrathq4@newsvine.com,Female,158.255.207.41
942,Kimble,Linebarger,klinebargerq5@rakuten.co.jp,Male,137.81.72.102
943,Roth,Burnsides,rburnsidesq6@skyrock.com,Male,28.133.233.122
944,Staffard,Janas,sjanasq7@fotki.com,Male,247.197.109.119
945,Xenia,Battye,xbattyeq8@wiley.com,Female,218.192.134.150
946,Jacques,Timbridge,jtimbridgeq9@washington.edu,Male,106.171.78.253
947,Tully,Sellers,tsellersqa@un.org,Male,163.45.226.59
948,Trueman,Pfeuffer,tpfeufferqb@cdc.gov,Male,155.228.178.181
949,Peyter,Theunissen,ptheunissenqc@sphinn.com,Male,184.135.221.32
950,Calida,Skurm,cskurmqd@last.fm,Female,204.199.57.11
951,Maggi,Micheli,mmicheliqe@mozilla.org,Female,88.138.85.123
952,Joe,Wallsam,jwallsamqf@alexa.com,Male,252.18.153.118
953,Randal,Wallen,rwallenqg@state.tx.us,Male,30.178.246.167
954,Cherri,Theyer,ctheyerqh@thetimes.co.uk,Female,178.35.178.161
955,Kinnie,Cowans,kcowansqi@mozilla.com,Male,125.239.247.72
956,Leigh,Redpath,lredpathqj@hubpages.com,Male,145.196.105.114
957,Winny,Banes,wbanesqk@google.fr,Female,203.112.209.5
958,Kathie,Wickstead,kwicksteadql@examiner.com,Female,167.107.252.195
959,Ramona,Glynne,rglynneqm@yale.edu,Female,214.189.202.89
960,Adriena,Mynett,amynettqn@istockphoto.com,Female,157.254.128.255
961,Terrel,Lochet,tlochetqo@topsy.com,Male,38.134.208.148
962,Arney,Strivens,astrivensqp@360.cn,Male,47.98.8.128
963,Katerina,Sumpter,ksumpterqq@nymag.com,Female,15.183.214.230
964,Zebulen,Culwen,zculwenqr@mashable.com,Male,53.214.212.61
965,Charla,Spurritt,cspurrittqs@domainmarket.com,Female,85.242.70.173
966,Lanny,Klamp,lklampqt@oracle.com,Male,22.157.70.20
967,Meaghan,Oakton,moaktonqu@t.co,Female,119.170.193.54
968,Maribelle,Jachimiak,mjachimiakqv@etsy.com,Female,68.20.64.116
969,Piper,Saterweyte,psaterweyteqw@angelfire.com,Female,200.113.19.60
970,Sada,Lancashire,slancashireqx@apache.org,Female,108.59.224.211
971,Craig,Blair,cblairqy@dropbox.com,Male,136.170.7.253
972,Wain,Obell,wobellqz@telegraph.co.uk,Male,199.6.203.180
973,Ada,Kyle,akyler0@imgur.com,Female,249.35.185.240
974,Horatius,Edeler,hedelerr1@mayoclinic.com,Male,158.218.71.160
975,Rodrick,Blanchet,rblanchetr2@ifeng.com,Male,108.100.200.5
976,Lorilee,Filpo,lfilpor3@oracle.com,Female,127.175.156.165
977,Radcliffe,Le Page,rlepager4@fotki.com,Male,64.30.252.36
978,Konstantine,Ashman,kashmanr5@ftc.gov,Male,24.62.127.188
979,Inigo,Slyme,islymer6@kickstarter.com,Male,226.207.247.115
980,Westbrooke,Bednell,wbednellr7@google.it,Male,150.74.71.18
981,Natassia,Dunkerton,ndunkertonr8@globo.com,Female,179.151.10.171
982,Sigvard,Mochan,smochanr9@bizjournals.com,Male,152.163.35.170
983,Jolee,Rawsthorn,jrawsthornra@dot.gov,Female,197.53.11.24
984,Aloysia,Coverley,acoverleyrb@ycombinator.com,Female,254.210.63.207
985,Natal,Bunston,nbunstonrc@hatena.ne.jp,Male,251.219.141.81
986,Dory,Pawlyn,dpawlynrd@prweb.com,Female,29.214.59.254
987,Thebault,Malimoe,tmalimoere@free.fr,Male,98.24.103.218
988,Nedda,Baudic,nbaudicrf@123-reg.co.uk,Female,65.3.250.55
989,Abran,Aps,aapsrg@chron.com,Male,193.201.128.35
990,Fletch,Burth,fburthrh@si.edu,Male,168.127.169.93
991,Gardiner,McNern,gmcnernri@ca.gov,Male,222.211.105.80
992,Vickie,Mullins,vmullinsrj@blogtalkradio.com,Female,27.127.30.112
993,Malvin,Belderfield,mbelderfieldrk@bluehost.com,Male,108.159.42.92
994,Esme,Bonder,ebonderrl@java.com,Male,5.180.23.209
995,Kenton,Farfoot,kfarfootrm@gravatar.com,Male,94.100.226.33
996,Jarid,Bremner,jbremnerrn@wunderground.com,Male,170.12.88.90
997,Cyrillus,Bertomier,cbertomierro@bloglovin.com,Male,180.44.204.123
998,Briggs,Gilberthorpe,bgilberthorperp@thetimes.co.uk,Male,67.81.169.44
999,Maurie,Manford,mmanfordrq@themeforest.net,Male,71.170.60.81
1000,Iseabal,Robbel,irobbelrr@si.edu,Female,119.248.203.28
